<application>
  <component name="PrintSettings">
    <option name="includeSubdirectories" value="true" />
    <option name="printScope" value="1" />
    <option name="COLOR_PRINTING" value="true" />
    <option name="PRINT_AS_GRAPHICS" value="false" />
    <option name="FONT_NAME" value="Fira Code Light" />
    <option name="FONT_SIZE" value="8" />
    <option name="BOTTOM_MARGIN" value="0.5" />
    <option name="LEFT_MARGIN" value="0.5" />
    <option name="RIGHT_MARGIN" value="0.5" />
  </component>
</application>